year,deaths_buildings,deaths_elsewhere,deaths_total
1968,3,0,3
1969,2,9,11
1970,7,0,7
1971,7,0,7
1972,4,0,4
1973,10,0,10
1974,3,0,3
1975,6,0,6
1976,3,0,3
1977,5,0,5
1978,3,0,3
1979,6,0,6
1980,4,1,5
1981,3,0,3
1982,2,0,2
1983,2,3,5
1984,0,0,0
1985,2,0,2
1986,3,1,4
1987,1,1,2
1988,4,0,4
1989,1,0,1
1990,1,0,1
1991,1,0,1
1992,1,0,1
1993,2,0,2
1994,2,0,2
1995,2,0,2
1996,2,0,2
1997,1,2,3
1998,1,0,1
1999,0,0,0
2000,0,0,0
2001,1,0,1
2002,3,0,3
2003,0,0,0
2004,3,0,3
2005,1,1,2
2006,2,3,5
2007,0,0,0
2008,4,0,4
2009,0,0,0
2010,2,0,2
2011,0,0,0
2012,4,0,4
2013,1,0,1
2014,1,0,1
2015,0,0,0
2016,1,1,2
2017,2,0,2
2018,3,0,3
