year,official_total,official_buildings,registry_total,registry_structure,difference_registry_minus_official
1968,3,3,3,3,0
1969,11,2,10,1,-1
1970,7,7,7,6,0
1971,7,7,5,2,-2
1972,4,4,3,2,-1
1973,10,10,10,9,0
1974,3,3,1,1,-2
1975,6,6,6,6,0
1976,3,3,3,3,0
1977,5,5,4,4,-1
1978,3,3,3,3,0
1979,6,6,5,5,-1
1980,5,4,5,5,0
1981,3,3,2,2,-1
1982,2,2,2,2,0
1983,5,2,5,2,0
1984,0,0,0,0,0
1985,2,2,2,2,0
1986,4,3,3,3,-1
1987,2,1,0,0,-2
1988,4,4,4,4,0
1989,1,1,1,1,0
1990,1,1,1,1,0
1991,1,1,1,1,0
1992,1,1,0,0,-1
1993,2,2,3,3,1
1994,2,2,2,2,0
1995,2,2,2,2,0
1996,2,2,1,1,-1
1997,3,1,2,1,-1
1998,1,1,1,1,0
1999,0,0,1,1,1
2000,0,0,0,0,0
2001,1,1,1,1,0
2002,3,3,3,3,0
2003,0,0,0,0,0
2004,3,3,3,3,0
2005,2,1,1,1,-1
2006,5,2,4,1,-1
2007,0,0,0,0,0
2008,4,4,4,4,0
2009,0,0,1,1,1
2010,2,2,2,1,0
2011,0,0,0,0,0
2012,4,4,3,3,-1
2013,1,1,1,0,0
2014,1,1,1,0,0
2015,0,0,0,0,0
2016,2,1,2,1,0
2017,2,2,2,2,0
2018,3,3,3,3,0
